UserId,UserName
7873,amfreeaccess
20536,O$P$ !
7515,mimosatree
10488,appletree088
5014,BigOx1966
22948,suxmenzz
12589,xinjiapore
4339,A1Team
4341,Posted
8880,leechron
13622,Pro-Govt
7043,Songshus
22273,~~P@P~~
13524,kooldog59
4630,EnigmaE
23193,tony.cheo
22807,hehehehahaha
21383,Son of Singapore
5338,terkan
21555,Mocking Bird
20928,bettersingapore
7348,Goodbye
12686,jim007jimmyboy
21387,joburgdurban
5371,phangfg
8022,snowyyen
14004,icemanV
15641,WHizB133
15553,Small Fly
4993,muppet
4771,centurion
15057,henghenglor
10225,MonkeyBusters
13231,OurVoice
19620,unhappy
15575,last_laugh
7484,harlym
19465,Tengkokok
12236,Ringabell
12366,RedDotter1
15763,BicCherry
6836,Peter Low
9234,shylock
5345,Wong Keat Wai
12351,TruthfulSporean
4536,bornloser
15044,johnnykwek
21959,Chemistry78
22411,maxmaxmax
10407,BroncoBilly
9263,Sufferer:(
12459,soldierblue
13123,DigitalOne Readers Posted
12163,Bamamian
23301,cscstoh88
23114,smickno
10156,caitao ng
14222,Ssquirrel
21076,christang
20394,jameslee58
11775,perceivedtobe
21815,sbredsox
4363,old_dilbert
13127,nappys
14063,tuaSoyLiap
15351,My1centworth
10960,roadrunerboi
9781,davelim881
5664,wibi91
4766,ILostMyBall
12184,honkypong
11760,aandglib4
4418,sure_win
5567,commonpeople
13406,Simplicity
23010,myarchangel1
15570,Sukhoi27
7326,Sugoku01
8691,UNobserver
12172,Power Cuts
13716,singaparadise
7541,micky2008
13180,Noobcake
20128,marketwatcher
5373,harrytan69
11402,knotted
19404,manjieass
14261,OrdiNance
19730,Leonopteryx
19363,kuntakinte775
19981,IndignantFemale
5130,Super Gal
23077,MaoDeeSoh
9972,Frivolous
7929,BulletTrain
4357,Allthetime
22315,arsenal_84
5909,Magenta
13077,Redember
8642,Twinsen
22430,stomptroop
22157,missyulia
12487,PJL001
4482,chieftain
14620,yfk51
9155,LouisSG74
19494,LittleRedNanoDot
7636,sianchew
22699,A1ForeignTalent
21903,Engineer
4675,Goldmine
6195,seabees76
22592,zzlee789
23060,SicknTiredOfExcuses
6308,tanlee18
5015,onemillionworth
5571,DuLichDat
11870,gtrick90
796,somethingwrong
4461,lukeehong
11647,wongsokm
9529,working_class
15479,nyonyanyonya
5538,WanWan
8940,Tigerleo
5377,Freesoul
6455,Suanming
4902,ManOnTheStreet
20509,maverickz2009
6741,nolapl
22695,singish0
14296,JanitorPML
21993,itisnottrue
22360,Pinnacledeal
10855,chooster
10657,nls4757
8998,Lieberato
20560,moneySGalive
6437,mountaingoat
23141,NewYorkSingaporean
22986,moligan
13105,123foster
20679,BaoChingTian
19797,AnakSinga
13052,lEtS_G0!!!
4530,Simple Minded
7107,blissfully_ignorant
8001,gigfunkel
13924,kungfupanda08
19942,useyourblain
7268,bluntalk
9131,OrPehKong
11305,Hamachitoro
6584,verifunny
13124,EightCharacters
6594,freecomment
6453,Dancatng
10750,Er....
12040,The Guru Al
21559,GoyPrid&#279;
20369,bluesky
20712,ANKOTB
15540,JUSTSPOREAN
10604,sporeans
19922,internetexplorer
6686,poppyseed
10482,middleman
6358,phantoma
23350,sibehjialat
22484,esceptional
4958,New Wave
4576,loyal citizen
7002,tengahsen
20615,kangxiii
9447,sayMacZZ
5180,sunspots
21653,trento147
4601,heavenlyangel
23110,sorisori
7899,me_citizen
23257,whywhywhywhywhywhy
15185,toaSoyliap
14567,GarfieldOnIce
15551,wisemanlee
20278,Ayan Bored
22340,Advnetwk
7802,kaixinma
12625,itangg12
19346,xmenintown
10726,singOne
8489,garone
11663,kelvintanweimin
15600,holysh8t
6309,Zokozoko
5611,HoldItThere
6512,xfire2359
5207,PAPinged
10647,willieregister
5278,nikleica
15124,amfreeeaccess
13037,NewNathan
11064,xtreme6
8311,Time2act
21985,BornInThe60s
20572,Deokmann
9303,smc_6767
9984,saythatagain
8662,people
21274,I&#9829;Singapore
14051,safetyonz
4395,gA1ntz
10741,lovemelovemenot
21900,HiGuys69
22802,Gold_Sands
7950,karl-heinz
7714,kiasilang
5723,mediacock
4549,gundamwingX
5783,AngryMonk
13776,Zuijiadeai
11159,sgbudwiser
8564,hangtenman
23205,selfproclaim
20782,Dracula
21122,chromiumm
9314,kimkooi88
6140,Sanity_Vocal
6458,lhy77777
791,dumb
9345,infernolord
13350,Giam Lan Kang
21683,gigolo2828
10757,Grave69
12714,Mei Mei
22043,onevoice
13137,Dragonfly333
7232,whistlebl0wer
19462,iona2000
6939,Eucalyptus
11175,JudgementDay2012
20173,blackhole111
22909,theridge
9363,redstar19
20977,allnonsenseatst
7413,grandfather
22041,genius
5049,Wiseman1
8287,sinkapoorean
21208,DarkVader
21560,BlackVindicator
21678,CHC Overseer
13356,henryave
7351,ronaldtham
4658,crawfish
7111,lionking
26214,tmfoo888
29640,Beep1234
29885,hfourhappy
27840,DimpleGuy
22425,Hello Name
32000,asiaoner
54515,maipenrai
34243,igodwhatuwant
53665,fei.long
96932,autoauto
84080,BALONGLONG
45924,Pinetrees
83508,LouisEcel74
31732,lao.leeky
20882,slg848wwg010
120880,kokoyoyo
5047,vincesgp
4989,JAFCO
11373,kohsy
14844,allanyam
6880,Vachtung
6109,SotSotTay1
5141,bohliao
14636,Monkeyface
5281,boonlaysg
11868,Watsup813
7944,Kasz2001
11367,MYOBAdvise
5356,A_Commoner
31944,You pj ah :)
21709,NobodyButMe
15329,Ontrainingmode
20683,Yellowbirdie
8533,blueskyle03
13130,Black Vindicator
5259,BlackDragon
20400,yylau
7980,Ron Lim
23338,NasalisLarvatus
23313,chinktan
13017,wayangshow
23275,honeyqiqi
22429,&#20004;&#26397;&#20803;&#32769;
23467,Mocking_Bird
23472,black_vindicator
23729,Is_Enough
22334,tigerbean
20348,paastaquack
4947,optio209
27091,jessjessnow
27030,john_wai
24435,streetsmartfighter
29114,twinkywinky
27088,SGnetizenparty
15130,Twiste2
30415,williano
30272,crapbuster
30853,goondoon
9394,ivan1973
41457,sghunk888
31588,Seemun48
29013,baoxingtian
39172,Lieberat
41396,summerhill
24213,WBWBWBWIBI
4348,geewheez
100414,Shock_Me
24485,subzero7
28482,rideconti
100975,tomsout001
31572,SingaporeUncle
66680,CaringGuardian
4935,thinkbig
8353,GateCrasher
10793,Khiscage
5290,clerics
14697,redhill111
23116,Resident Evil
21022,choices
6547,kiddingz
12928,AncientOne
12543,Dragonf1y
22291,sportcar
21120,fifteen
13023,goypride
4660,Pushkin62
13743,SnakeEater
15261,biophilia
8493,objectivity
5445,photographer
10959,Lightship4
6055,truth-seeker
15620,M_GmeOvr
20695,VINACAFE
5718,huasze
11432,winner_1981
23073,bigbiceps
13315,Think Tank
7251,Thomas
11342,1010101
10376,kaypohts
9547,sureerat_tang
22664,headstander
11520,Kasseedorf
12073,taipingking
20829,Rag2Riches
20840,Stopcheatingpeople
21413,watchcase
21037,eagleeye90
12123,Marine_CAT
19490,qwertyman
20295,Frustrated Singaporean
13693,ChTaKaWeBoh
6103,crazyazn
19519,Eiizumi
14241,DeathReaper
23337,TrustNOne
11424,BulliedWorker
5243,Nicholas_Teo
12137,Kalypsoh
15700,Aceee1
22014,terencetan1978
7505,mystrawberry
13047,A'zen
11101,mcpeekay
21062,Ahimsaka
23340,jackkoh20
6299,richdad8
14345,foxtrot
12897,blue colour
15458,Richie999
14747,Yo Wassup
10975,tangowaltz
8073,sad_people
23355,justease
23342,LOL_OMG98
4941,Karanguni
6456,LeftOverFood
6410,Battlestar Pegasus
23334,veryfastone
20495,&#38463;&#21335;!
5689,justavoice
7418,onthewatch
21518,GaryLimHH
22854,boleeyew
13687,malinablu
23367,SinMongXing
22307,MrGnius
8994,chinaman
21838,SGPrenTALKLOUD
12987,Tsunamiw4ve
22883,Aquarislove
5985,comparty
22353,Tom Jones
9229,cylon6
7926,cibasingapore
22496,Garfieldcat
21418,Old_Timer
10418,albertino76
4808,Wondering888
6417,kinsun168
22463,chinws168
22056,thepuzzledone
10428,simmtann
7496,WhatDidYouSay
10193,badmanson
15644,madscientist83
12438,johnnyoo
10277,real_is_unreal
10678,Dreaming in Sky
10495,gaaypo
12483,HalleluYH1
22092,netizen22
12432,HalleluYH
21558,Black Vind?catr
20591,hard2heart
15616,1stbornEfraYim
12990,shagy382
24089,like_omg
26333,rumzone2010
15027,PeranakanDude.
10704,7seventy7
5443,longshot
9435,8zaoyu
23904,sia.cheo
6436,yakyak
20616,gujcleo2002
22732,ShekSunn
4441,true singaporean
11275,Pixelchaser
12664,Nice_Life69
9442,CHEEKADY
13931,asia1forum
6626,tatyyuen
10446,thunderx
22080,crasyhorse
20865,jasperconnor
13794,boonlay7
8373,christineleong
8476,mordecai1968
21369,vyoldman
10348,Peter5583
26005,mongmonghiak
5853,Rraymond
8895,Very Beng
15814,bornfire
9307,TheOne
11404,chubb1010
6699,AntwerpOS
12046,YanaMohamed
23201,singaporean2-1314
23227,simpleboy
21270,wildgrass
11066,shortcircuit
5400,NORTHGATE2007
19925,Chickenshit
20957,laozhuang
10927,bomerang111
11734,oldrupert
23360,chapgormei
8737,chriskky
22811,Omega313
11982,Happyifican
23192,6505341124
11608,moneygod
12074,georgian
12436,URrightsoMi
53666,PrayAndProsper
8369,PiakPiakPiak
10851,ordinarycitizen
8265,Bareboys
9021,Mark_2008
22866,tham1961
23419,freefighter
20515,Trouser Press
11764,second thought
7063,GoEnjoyLife
11814,Straightview
20849,kungfu888panda
21965,kopikid
20269,cliff52
23464,moligan72
23489,alexthepunkman
23497,drsmickno
23458,Truthful08
14536,NilGoodYear
23584,sg_guy888
23704,audrey_lim88
12877,mollimolli
11905,august chua
7357,OverSing
21902,jukohamada
23563,rvlm0828
23371,ANTIILLUMINATI
12639,smartrader
8638,dauphin
23197,nobackdoor
23404,alientalent
23406,realtest
23433,Moderater
23382,Goldmine8
23436,moderator2
23706,charis_ong99
23417,andyrmit
23394,progovt2011
25479,chendolbeach
23397,chiasongmoh
23499,levis506
23455,blunttalk
8983,IFoundABall
14453,fishboy
10781,mambobee
23540,botanika
23784,johny204
23793,scobydogg
21042,averagecitizen
3347,sck911
22783,Spidey88
4730,bats4ever
24134,deathknight2210
23915,watchmen
24135,superqueenie
10689,coolbeagle
22034,tereluv8080
21806,AliImran
14054,fat busturd
24205,streetfighter469
4687,psylence
24687,simondorset
23992,socratic
24158,briantai
24164,vupoint66
24166,vivy_sawa
9391,AZ020970
24193,tonychoo
21807,chinchiapoor
24156,robertpclim
15338,MINA8888
21492,tatsin168
21475,chensubian
8924,fiftyfifty
20532,nowahlah
24668,morguooo
24547,BenHur007
4883,MorethanMeetstheEye
19466,enprix99
24694,pepsi1313
9434,budkids
13101,justcomment
22427,&#24858;&#24324;&#27665;&#20247;
24224,project_healthcare
23402,borrowing
24377,yukkeen
24879,11eleventh
5618,ST2007
20431,ascend
34625,jopiemalay
5543,laojiao55
7547,fuzzy_one
24659,hfabs2611
24664,watchy81
15518,honda879z
12623,fitvip08
24249,whywhy2011
6728,middle man
15464,greenlion
19885,Limos2010
24727,moontt00
24728,bertoltbrecht
24731,ohalleluyah
24734,oho99999
25146,singapurakawan
25502,funnyman2011
26161,idunknowwhattosay
15238,charlezD
24767,dademumbos1
5964,mikego
22132,Char Azn
11922,gentiz38
6206,justifly
24472,Ryuuenji
15565,Superidiot
4413,Daliva
19846,maxfoong
20024,adriastan
20896,tchekchuan
12070,stac9988
5741,whyarewehere
6499,javalee1
23146,slowpoke
24624,inlink05
25148,friendsingapura
4561,smokebomb
21231,HonkyTonky
20177,bazookar
25455,Tinseltown
5533,Forward789
21798,NoUpsize
27108,purebred
24738,taxidriversim
26284,disappointedsg
25363,virex
11225,180699
4787,Cephas
5463,Shakie
24732,unrealisti
20821,SUZISUZUKI
21414,Religiousbizman
20054,X_FILEXXXX
24710,citizen12345
7275,Normal Guy
26217,matemat83
7366,kumster
26210,trashsmickno
25380,cybertronjazz
24558,asiaruth
26257,f_smickno
21808,purpleheart
20761,Asianminds
26155,jtanlgim
26003,miketbhb
26277,observer1530
19655,Alien Invaders
25439,yijin56
15056,JusticeVin
7476,Happyman108
25378,foopiew
7142,geylangkid
6298,Vincent_Teo
25905,passerby2011
8825,cant_tahan
25375,teacher12345
25387,dareteen
25575,phuajanice
25438,OmniDirection
10142,amsim312
5667,ridleys
25405,mtreams71
14774,singaporexyz
19940,EconomicFact
13956,boyish1981
19752,khunying
23645,patangie1
21436,callmeasian
7203,ChinPaiSei
21877,ipman2010
19501,tempo4me
10808,unseen
2179,glowing
25533,analiang7
23691,potkettle
25522,yingnee123
11317,kenong72000
25542,kenmical
5603,celestian
21912,joetanhl
22424,angelis8
25593,rramesh
12624,pep_21
8454,Little_GreenDOT
26342,micmerann
26341,andyoke1974
23531,anglefish
5490,jacksons
4952,niederanven
25928,NoTomorrow
25451,achanaud
25389,cyberod78
26442,KhongCoTien
4690,ccchia
21453,RedMetatron
20813,news5tonight
15047,Mentos_cool
19631,shinjuku88
5735,DennisAng
25516,njliu247
12064,tanteckcheng
25420,mustchange2011
6550,PervertoSan
25523,Popcorns
25112,teob17
25923,huaidan321
25709,comeon2009
7535,simonyw2008
25520,danny_lion
10125,code22xx
28653,citizen1965
31104,AsiaOneReader01
25710,thinktanker
25711,gucci.chanel
23959,bochengkor
20730,sammi9306
25725,seewhathappen
7188,"""No Joke, Man!"""
24802,correctscore
5499,patfong
25551,dilbertisnogilbert
23111,8asiaone8
9563,YetAnotherCitizen
7604,richardz
25646,bambootree
25110,mishaloong
12969,From My Heart and My Head
6657,hankss2008
12688,kakkoiioniisan
21244,tracer_46
25642,nigelyeung63
6829,solorsor
25971,blackvind1cator
19851,humbug8181
26340,charleneng
25618,khairul9
7533,super_big
21682,happy2010
19882,Shortcake
20247,ecoutezmoi
25656,lifestyle2011
14998,swankyfoo
25670,harksy_khw
12394,Stressball
9399,oterenceo
15010,beng11
19587,sangnilautama
19848,Starter
13937,elginang82
13638,melvin02
25582,lameas66
26177,beijingboy
20816,babyface00
25749,davianlee
20944,facelook_67
25936,bigbrownbear148
21551,Fish out of water!
26241,paplovesforeigner
15336,voyeur
26230,idontknowwhattosay
25555,jcshine1
22957,mynameisgod
6636,bahaulim
25744,stnomygawd
26294,newagesg
25768,bad_government
8277,do*you*believe
20281,Jazzteee
26195,singaman7777
15726,elflynn
5604,Emily Elizabeth
10903,F1amethrower
25840,creampie
19886,cheguevara_22
21690,sunice
26203,chunkypie
25849,alvinneotw
10006,sharpeindex
25911,kennytan1976
14522,DooDoo
13304,leonard99c
25838,RSHK1234
25886,castingcrowns
20042,casinooroyal
7953,leeyingnee
12822,Deserving
4791,waitrose
20209,PaulTan30s
20543,PowerofTruth
20819,strawberriesncherries
26049,spikesing72
25899,gaigailun2
26349,mel_singapore3
5232,Silveryear
6539,lowincome
5941,patfong00
11516,bpye8
26019,freedomx
14988,ttttttttt
26366,nettersflash
26367,member12345
26384,chongjasmine
6278,BUNGACHANTEK
26130,gigaforce
6385,sguniversal
1256,tomcruise
26017,standupspore
23135,BLACK-OPS
22535,bigfatdong
6535,Davey710
20809,Ms.LKYSingapore
26109,localboy1990
25993,brutal_truth
26012,XclandestineX
22227,MeritoCrazy
23139,[Watch Your Tone]
21557,Fish out of water (The 2nd)
22718,nobodywantstolisten
26150,singaporeanlife
10820,NikarNikar
15272,sandstone1
5850,dkwang
25423,Iambackagain
7552,feng shui
26069,forsingaporefuture
24159,talkeasy
26211,mcstmcst
23121,purplepepper
26212,be_satisfied
10790,quadcam6
25815,johnyang55
26200,peanutsugarbutter
7710,fairview
35825,yornemesis
26368,LEEBOHANG
22438,jason_akk
15650,bentsb05
26317,ladyofpemberley
26251,secureage
12644,MockingBeaker
26261,thecabbymancare
10121,Still Sane
5510,Lionfish
26227,union_22
12460,Red Justice
26487,shawnscream
25794,terios01
15800,Concerned citizen
26516,uncleongahpek
26093,koonmin2011
15621,WiseElephant
4874,strag.guru
26276,mel_singapore2
8799,Siow Liow
6427,definitions
19860,snake2000
13987,DRAFT123
7559,chewchew
16263,aceman_sg
25900,Henghengheng19
26464,liarpap88
26360,derekmoh
8123,BENOH251
13621,Superbug
26584,Whitepiano8
15281,pwchong
5656,skywed
14342,MoGanTai
26405,nobody221
26365,imnotstupid
21830,chanel21
26468,littlenuodi
26470,citizenbeng1
24154,thepositive
6361,RichWee
26627,leekuanyew2011
21817,sinfulchocolate
26373,coolcinta
21469,streader09
26429,darklord2011
26303,subianchen
6944,fishbuff
5690,Kianching
9265,tanpio
26480,bchiash
26485,samuellim2000
23041,Rolando
4770,novicereporter
5957,AhBaThen
4927,OldAndyBlue
6337,grammeheng
26525,babylightning
26592,bluesky_s
26390,ire828000
26362,rosierosie
26415,frenling
26409,addruid1065
26520,jesseygap
4739,panner31
7425,mbkho@hk
4683,sterren
8692,globetrotter
6061,terencelsc
26528,nosoundmind
26612,groundwork
26534,kentai001
25595,squidsquid
26660,cockadododoo
26556,badboy1818
10532,Tankee99
8738,Thu Jack
15382,befairandsquare
26540,alvinyeokl
9052,elepoone
6508,ccbtsher
9989,thinkpositive
4562,chronicgvhd
7346,PeaceOrWar
26551,atyg1967
10725,whisperer
11994,kestrel799
26416,saranhb123
26565,before1965
26570,awpawpawp
26585,tvaddictive
26587,jalanaljunied
26573,apple0619
19826,JackEss
26622,francis.goh
7004,LookingIn
4353,sangria24
26610,robertec
26619,shangzhi
13616,pikanetlim
26539,littlegecko
26667,shadesoff
9960,jtan1328
6418,ckh_nba
6716,desmondsoh
11112,angela
25604,cruisader
6495,Udonomii
26674,sausageman
15604,Who?
26680,aoetanzle
26682,gingercream
8995,wat2do
10389,toratoratora
13728,spheredome
26567,kanilaboo
26508,GolfBall
4424,Uh La La
21504,WorldObserver
26739,chinsubei
20752,MusiMusi
21971,mudlander
26704,stevechua88
26020,Candle888
14290,maka1212
4676,hornet99
32831,Seekeroftruth
26779,alias000
23126,*snoopy*
20872,angmoboho
10588,autumni76
27087,rseetoh
27103,Jasonkuek
27193,icecoldmilo
22381,small small fish
27304,twisterblade
27238,Mathsfoundation.com
27328,needtochange
27417,magnumguy
8270,rc3113
22552,sugarcan
8764,geewheeez
8827,singaporeboleh1508
26781,clipon35
26783,vickynzach
14991,HarvestisRight
26418,missionhero
14097,kachang putih
4861,Five Fragrant
26760,daniel.kim
26761,tonytosay1
4380,ckslim
6032,ziaw
26574,creamypie
26767,singvoter74
8699,xmingx34
26771,voicesontheground
26789,reallykaoluck
25644,otootooto
6483,cujay69
9906,reasonbeing
9007,engfrank
26814,mindcracker
15369,zarine1958
26800,bmstrading14
26803,whiteorange
28373,skypalace03
41357,aigburth
42363,dinofande
47239,coldwarmhot
19550,BaoJingTian
23465,Mel_Singapore
27063,singa1979
19842,markschumer
26880,tantrick
26872,sock_min
21322,chikmeng2003
22680,finathiq
9172,talkincock
9152,zxyq1
26733,alanyeo2003
11477,SARRAHKITTY
6851,edd_ong
21744,quikninja
26838,outbound
10092,BlueDragon
5592,ahbutthen
26885,WhatCanISay
26385,mandarinduck
26832,sgfengzi
26831,chineychinchin
4421,taybh000
13509,KayPohUncle
26014,koonmin12
26907,spxcfc
22566,hannsulu
22169,Towkay_kid
22345,zulmange
8520,raffielaffendy
8974,RuZeDUDz
19586,haleconia
20661,james1055
13700,bigfisheatsmallfish
26904,jesnigel
26865,Hehehehaha
20794,joybuster
7164,Sunnyken
26380,aljunian
26902,comelyboy
26113,FieryDragon
8051,seulmoi
27081,redlatern
4648,The_Pariah
23967,Raeannchow
22039,putriputra
27097,thtsgp993
8031,pstor
24424,guardiantalk
27052,hochiming
25790,dejavu72
27070,papneverchange
11449,catnmouse
29017,kokotan12
12348,jbharding
28327,WangHao123
6016,mannactive
26566,yellywoo
5068,harryc
9203,sebastianteo
27153,kallen1709
19660,joeyfoo17
9351,CelineC
6246,swlai89
6177,&amp; then
22872,sasquatch
22663,goodvsbad
27656,mattmurdock
11343,Silverlining
27692,hwangbohj
30670,hermione888
3323,renyeo
27335,exportset9
9723,ready88
27786,thecliftowner
27250,danieldukakis
11012,rebirth78
27255,broadben
24040,veniceandprague
6545,Paikia44
27265,emeraldchan
5845,happyboy111
27390,ceciliaang91
27332,tohsk999
14903,Matrixneo
27392,clairess1
11417,NotAWookie
27206,ptrgan1980
27685,monstermentor
27566,notheone
29139,tonooneinparticular
27333,triumphasia
9914,KHChiang
27351,aslanofnarnia
27366,cheekycharlie
14945,huangsunxun
27380,mildsteel
27424,rongoron
9944,AORAORAOR
14043,Viper1962
19900,austinios
27456,tanahkow123
22548,bamforte
28326,booknsword
29692,masteripman
27276,hyperoldbird
39849,exportset23
6231,singleton
57279,tequila513
13389,dixonchan
20208,panjandrum61
23045,Traveller007
7139,larson
6800,SinKaporean
27768,dr_zhang
26149,ahnteediva
15574,adultman69
4986,hokokfei
24182,blue_yoghurt
27695,jcshine7
22766,kipdrordy
27442,speed2277
9841,zakashi198
21354,chaoahbeng
22698,Perturbed
6682,iloveredroses
9569,cracks
8263,superanova
30119,orangepants
23040,whqiu2003
11405,lightasacloud
30795,www.myonlinemediaplayer.com
39682,mikeyyyy
61065,tvatvbtvc
50373,sexysggal
45663,auditorrr
15110,AcCeSsDeNiEd
11493,bigstick
54408,lkh11lkh
27287,st1277444
47689,michealpek
26896,Beelzboy
58581,CannonLE
6775,nchong
66154,lionlion75
13838,asdspore
27499,authorityforwhat70
22250,whyteknight
26740,pokarrse
21440,oxidegal
27596,tuakilan
27578,citizencane
27641,happygala
15590,blanketcorner
27613,mytwobosses
27669,lawrence5
27757,tbchio186
27744,mrbencai
9467,snowlex
27146,stephen007
27555,bluehorizonsugar
28097,xradeonx
27789,tehtarikdude
27246,taurius58
11157,agan789
10811,baqterial
23865,hengstock2
20788,handsome80
27869,lilmisshr
7784,asia_twotwo
27368,achia2121
27646,singaporelove
27963,nononsense2011
27788,kanilauboo
15617,bishop99
19986,monkeygod0111
26237,andrew887
15376,zhihao
5855,observasian
21083,adoptedcitizen
21980,Charles Xavier Patrick
28345,FedUpLion
28092,sipehtuakilan
29656,lpaa2011
5476,melvinchen1
28161,2lim2lim
28341,exportsets
23796,cyem5448
7598,Tim Lee
28268,saharaone
26613,bluerose222
8611,OurNextGeneration
28741,logic_critic
28249,machismo
28242,davidwee
28264,stinkaporediots
5681,purpleknight
26044,lmittc
28285,liangdingqin
21456,factsfinder8
42671,30.cents
20477,dingster
53691,SingaporeAngryBird
100856,Kontikki
27557,ScandalousTruth
28294,bwushmyteeth
28312,h20saver
28185,SuperSingh
6549,Importer
28245,evelyn35
12004,workinginchina
15045,KK090766
28355,Your_Fath3r
14609,mllx4rt2
28364,vortexbeam
28366,victoros
28134,bowerbird
27592,Oscar475
14199,skooter86
21904,90030003
29149,davidyeo
29155,saharatwo
29159,riever38
28008,everyrose
14263,Jeramine
5031,Talkonly
28463,ruslan123
28537,gildor88
4988,lowbuck2
22292,luvkarena
11021,lagalagsalupa
28501,gerrythinks
28468,monnjunior
28503,sappoloff
8996,xopafire
9062,Adamongong
29420,servicecrusader
14893,dorothytmk
28560,facelook_69
28557,innocentman11
21918,sgjbisp
28752,antigovmen
27538,tatadada
6390,A1Reader1k
28387,chong
28681,colin_khoo
14078,lt_spore
24834,tryan1515
7860,kkchust
22343,littleReddot
9797,overseas singaporean
11560,Baby1995
10707,Industrious
19515,Fjustice
28770,imatrader
28771,justwatashi
28773,a_rahmanm
5724,Sultan_22
13366,gemfighter
28754,theconcernedcitizen
28673,frywonton
4521,lenkiatleong
13213,joelee
28786,EddyEdward
28549,andy_andy
22442,accessdenied65
4669,Conjjerr
12200,stomp_dude_DISPLAY
28876,singapore80
12334,CounterfeitAngMoh
21728,Betalnut
9302,justthinking
8430,SugarDumpling
6022,iamgodlike
10557,sc1963sc
28975,papmustgo
28982,silicili
28870,apiapisaya
28980,codenamedk
20900,ChasingtheAntelope&#36214;&#32666;&#32650;
28986,charlie9
9041,0517elias
28912,fromthailand
33539,inter_33
28922,swiftblade
45662,taiwanwithlove
57804,angmohkio
57307,UrGuilty
40196,aceboy_22
57799,PeoplePower
12267,chendler
65062,unemployed777
65265,DownWithEvil
15811,slsim
65234,RedRidingCrook
95773,Sunlotus
97279,maikiasi
98962,PP20130301
1201,hotnyh
4356,alix
29035,ssss
6917,wooky16
8864,stallikon
27797,caeuser123
28497,Gerigeriyeo
74444,simoncym
29146,limpehtuaki
23029,One Asia
29148,factsfinder
6971,KNOTWITHME.
9733,derricktancs
6463,buaytahanliao
29286,threedragon
10330,csengyee
1512,bugman68
21957,ahbengkor
29217,nederealm
22516,oneleftfoot
19612,bart12
26764,wordgames
6471,justbrowsing
29318,ahflirt23
20167,cancanlor
6221,extremepower
58270,dearestandrea
45023,alamaksingsong
42287,TerryLee1
52125,WhyTalkNow
58299,sgIronman
29158,cooldownman
23670,lelio
22477,CaptainKarma
9941,Aiyayayayai
20719,PettyQueen
4728,deritz
29436,rolandsgp
29441,wearesingaporean
29444,nolaughingmatter
29529,culinaryness
29362,rcandrew
4401,Forum goddess
8455,harrysimlo
21158,JayceeCo
15439,dorothylim
29466,ace1penny
27204,puppylol
5775,luckistar
11954,Spadypoonpeepee
5430,contest
5919,celine
29753,therealtruth
29630,stonevillage
14324,Le Freak
8486,SputterCoat
28545,voguevogue
22966,goulie123
5896,robinmbox
29565,concerncitizen01
29689,insiderstuff
29581,smwa1234
29635,baobao1989
5092,antisillypor
4578,Small fry
28917,loristan1
22959,ArisenRent
55241,Pro_papaya
12373,sigmundringeck
50487,9-Aug-65
55924,Richman8888
56054,avg_sporean
54579,Cantstandit
66234,Pinetree
69768,cheeksnliver
69630,siownang
79009,dloh1970
102968,georgesmith
106110,janistanxo
90037,karmakarma
35497,juliusm518
106989,Soreeyes
77472,forumuser
65241,SoEmbarrassed
40372,TheinformReader
54130,oscar303
65855,Pinetree1
97697,bagofdirtyballs
64330,MyMother
29621,singaforean
29708,kikokuriya
21955,AirSoles
29688,blessing64
29697,josephine11
21015,oldgoat55
29886,zell_gan
30616,kukujiao
29710,joetanks
29713,fifthstarfromthecrescent
29695,thomasng48
27787,gabrielyeog
4684,OMKRISH
29794,kelvintan_ml
25517,xinxin0186
10544,whosaiddat
7628,cityahbeng
29802,olelumpyme
11833,smartlow
23884,richard_head
28222,nelsonteosg
29854,hawkeyes89
62914,Mikiaseelah
13537,ColdBlade
29879,rogerong88
21509,avonhythe
11932,twinkle08
29926,littlepine
29538,arubagopal
29116,ChioGaPeng
4533,Call Me KayPoh
20231,see_life
30007,KBLim2011
21942,teamybee
24118,benloveu
20950,benlee18
29963,alice888
7916,ItsMyView
11230,SimonSez
5867,killersotong
30001,tinlien123
19563,instillinchina
21571,xibedulan
4516,atlantia
30442,macdream
30166,tri33333
30662,liesnliars
10786,ohmygodlah
15658,whosaidat
31146,cimmerian
31272,imhogtg85
20524,GuyFromOz
19737,trance00
30258,clintton
30257,ihateliars
10108,thegreyguy
30255,traceylee
31781,ihatemsg
6642,titansim2007
29437,jyckee88
30819,kkchua65
30567,jongboo2
9375,seetkh
30386,reenergise
30264,csmsc1969
5127,singman
30205,inkjetprinter1975
11952,WalkingTall
30529,annieleong
16216,ROGERNHK
30279,ytheng66
30367,profish3
10262,alvinlwh
29940,exsporean8688
28509,destansl
19471,dadin156
30491,fivemouse
20747,talk2020
30661,LEEWISER
30406,sgcjya01
30607,sweetoranges
29187,woldrawde
4574,asiaonelky
22339,stevepower
19400,Comment
13492,SGGForumer
30688,oolongcha
30794,lucky188
22539,chinaexpat
31702,Quixotic
57644,foxtrotbravo21
30510,Uncle_phil
9559,jiaoxiaolinglong
9672,zhanzhao
31102,acelin.acel
30298,ahbuibeng
31049,iheartpinkie
31080,monkey68
31107,coolboy56
31123,Mrkeechew
27717,tortoisecar
28630,srnathan
31332,livinthegoodlife
31178,jokerwild
31274,jayjay.tee0
29287,bobkschua
4610,Singapore Indian
5786,Truthspeaker
31318,capricorn
23594,wongchenpang
30635,mimosa1890
29864,sivaraajkrishnan
14434,mainecoon
31209,goron883
31452,raymond_loh
31537,dinofan67
31950,spencertan
20464,letbehonest
29735,OngKokThong
31470,liuniubb
31782,think2say
31223,electriceye
7920,nuthead
20458,hypergatak
31661,sotongking
31663,ding5689
8414,keeferae
31721,zhangzhao
31749,heyheyhey
31735,songsonglynn
31780,genie1998
29283,taykoryong
27463,EyesWideOpened
31442,yongyang
31656,ankle123
13251,ssagacious
10367,kyotykcaj
31927,beatthecasino
31976,rwsmbsban
21311,TypicalSGgal
32010,9306sammi
31564,theoldwhiteprick
14239,boygeorge888
8794,ratatwoe
32374,VivaLaVida828
19088,Foreigntalent2009
31459,hanamaky
20718,moomoomouth
32398,llow7968
32403,wolfzjasz
32405,kmanly1132
32347,cjwong148
32426,deviantdefiantmann
32366,amandalee
32368,1819singa
32353,ngansweeheng
10972,chewonline
57490,CruiserRR
57818,teejay360
51804,guanda4444
58662,BHP20128
60877,leejunkie
62762,darth_mel
63463,michael007
64457,islandsoul
64359,MrMody2699
65687,Cedarheart
80747,eugenekh
79798,pinetrees1
110944,mikuhatsune
92320,LegitLies
61914,NaughtyByNature
138218,henrylim9904
93200,AnythgButU
33312,facelook_89
34772,jasontys
38767,grateful2lky
11188,Gigilove
39107,tokkoksingsongplaykita
38946,jafri_basron
40842,popiahskin
41746,extremewellnessgroup
46569,GoddessSisterTeacher
46420,bruceleexiaolong
32404,raylimzzz
30746,Gramercy
8608,ym_tan2
46451,CalvinChan88
48746,singshid1
33797,exportset17
32545,csi88888
10957,Kitty_P
32690,captainchamp
32760,nicki1677
20187,d_labedz
9764,Homegrown
32790,cowardbasher
36998,nights1978
25475,moxmoxmox
33055,kenrostay
33059,resident
32895,bzzzzzzz
32893,doublesix
33032,availablelight
33051,curtisd123
33648,callmebad
33033,joe_black
30918,flying.monkeyz
8820,W|zard
33073,williamk05
33074,sgmelb05
33063,dlareg80
33155,vectorvsorbit
33011,2centsworthcomment
32959,exportset16
33325,h3yh3yh3y
33524,kliang50
31746,eibow6955
33035,flyingtissue
33305,yupgiguy79
15414,ISPY.0007
35811,PineApples
36247,kongjiaowei
33457,ichapmaichap
20625,euphemist
33559,reborn76
33582,swotanalysis
33781,sunshineonthefarm
33569,angsty55
34708,jessbeautifulgirl
32591,damiankoh
33795,anonymoushaharyan
33953,hyomhyom
59278,newordernonsense
49842,fang_kuaizi
42212,zustthink
51627,Mumbucky1
41383,didaman2
6780,lonetraveler
33871,saintdannyboy
33876,tamarindseed
6492,oneasia28
12965,kgchng
33958,falcon77
14634,&#20570;&#29233;&#29233;&#20570;&#30340;&#20107;
12278,DunKnowLeh
34408,comfortdiego
33922,careerswizard
31605,blackdragon888
34187,gigolobro169
21003,Humpty
34262,4.danjia
34293,mozzilla
34309,jen12say
19790,mysay321
3907,8559
29865,ASingaporean
20835,MisterPeter
32260,johndoe101
34362,rolex3838
34343,bilihu8888
15321,jazz_chick
35556,glady48512
36200,special1
7861,mcheong1
36233,jademansion
33581,good4you
34455,jsinchina
34082,truedirect
34530,gigolobro6969
34692,fantastic1
34400,raptor22
35139,zad123456
30890,bigcastle
34549,viva1234
27253,joyofpeace
26608,phyongpp
21762,HOCKHENG
34232,simonsimbc
12870,AnastasiaWun
34523,goatee67
34578,loudmouth
34631,transportee
32343,shawnkinglai1
34696,liawan123
32249,hros
34697,thinline
35583,alleggsinonebasket
35944,malayekini
19864,xiaoxiao
34857,akashic12
34856,timloh123
34250,republicmatta
14914,cheap3877
34859,lesbianbigsis
35210,vincentheng
35244,happycloud
7367,WongWisely
34033,MrCheckmate
36348,helios467
19628,rodney777
8258,celloids
34802,mohanmuru
35207,simon_simon
35451,moonlina
34616,bobby_lee
35348,kaypohok
33880,tuadulan
35468,legalbandit
35700,didusaythat
28494,mamakpark
7715,JaiSin2000
28542,flashz888
34517,need2know
27880,Happybutterbear
5801,headsets
31389,xinmpg99
36192,chromesurfer
36183,mimosaactivist
36353,fionaho264
28838,kenlynnwee
12739,Vincent SPL
52151,Libraseptember
36209,tweatweat
36213,exportset20
9814,blurb
36476,santafeisdr7233g
13428,synthespian
36529,raymondhww
5568,kongming
36630,truth2012
10540,khootengliat
13326,hopengyew
34167,jtjc1955
31877,yippy1968
25310,dontfindme
37076,lanchiaotuaki
34858,salopian
36486,roulette
15681,kiong123
10234,muttonbriyani
9000,brainlessC
31165,acyk
4977,FRAUD 1234
37079,alf21
35600,lowbh1201
17299,pat5355
37235,jamesdeng
37231,joey1980
37179,erikkire
9536,shanghaitang
51639,fluffiebunnie
40049,Universe
25924,zeusofolympus
34726,Proudchinese
37645,toastychan
4992,motorist
8195,docjools
28082,whatodolah
37983,whymenbagain
10165,beauaustria
37789,exportset22
26913,Courageux
13234,teotbc
30032,james2088
30903,mikekimike
33693,BS_Biggie
39096,tiong3110
4944,Wonder_Why
37933,brothers
33893,zxxlxxgxx
38201,threebars
8916,bennybkc
38090,gornoblonde
38121,surprisingviewer
38400,observer4u
4834,MachFour
38658,tlukay59
38802,idorun077
4774,sgp333
28623,singaporenumber1
39248,littlemn
39998,nysingaporean
40209,tweetie2012
40442,marinalink
38471,kotofeich
38752,blueocean21
38756,yoshidino
38759,charliesdt
104033,reddog89
95760,thecomments
38660,bigninipoks
9512,torqueingcock
38701,manpfist
38702,meatbao888
38246,genevieveshaw
32842,Summers3
15286,Ovenfrsh
38688,sixtysecs
9153,digeratiz
42978,jeenajean
43437,ReallyDunUnderstand
19548,soshiok_reader
34848,maximummm
38890,michaellaw
38961,unbrandedbreadnbutter
38588,Water Max
60266,leekiong24
58280,JiaKaLiao
38966,greenbird
38984,gigolulu
39072,g1golula2
39195,krillova
39235,yongtaufoo
6025,omnipotent
39844,nictukuu
39253,greyskyoveryou
6899,hazelnut
15790,kittzwishingwell
39339,eeeepeee
14335,GTLeon
22499,Mohtokshu
39602,candicepraisehim
30025,AhhJimmy
39819,greenhat
39738,hellinger
7356,Nameless
15588,Criminalz
37534,swingdoctor
26514,tommyng7
37750,stevenong168
32898,monkimonkie
39932,substitute
22942,peterinjb
39947,sadvictim
40116,cilakasia
40031,jameschua31
40039,j0ce1yn7an
41605,dayveedseah
40141,asiaone111
37331,desertchimp
12933,jontanph
31664,icetman2
20335,controversial_123
32851,zombie2011
35484,simplyput
24265,friedbeanhoon
40443,jaydeecoke
40325,simplicityz
20468,gracemypocket
20665,Ronaldwong
41680,MumBucky
15542,SHARINGINTRUTH
44305,garethgate
26938,clarahan
40456,darkavgr
44300,companion
22209,Shrio1978
38587,xxxxxxxxxx
35197,zest3000
56210,catlibra
39184,Jafanati
40633,galaxystar
40429,extremelycool
27598,password
31557,straighttalk
40975,weareallone
40046,xiaotony
33469,knight_white
41391,hahahehe
40976,alfred_sim
15564,HunkyHoo
40973,youngfranco
13581,mellim008
6869,IworkinBatam
6438,brianshah
45628,closemyeyes
41324,shigure31
22692,Narrator
39912,pinkiefloyd
9553,MakeBelieve
41000,Lotteworld
8239,isubaru
4529,aries333
8013,davteo5
41731,honeytruth
29995,ladyhaha
28677,ynzaiasiaone
15639,Nironto
40636,shekinah21
41886,bullethole
41818,returnmemymoney
10769,mi5mi5mi5
48144,gryphonz
47650,pinkpanadol
47800,sgaporean
39351,sashaqueenie
41897,talkingcxxk
48143,charlibrow
10589,chan chong sing
50241,Pigcanfly007
120175,leedavid
47721,loveyrgovt
42300,angryinvestor
5164,Sally123
42371,bhollen76
42144,snakes77
42179,capricorn71
3520,genekhoo
42312,chris101
43597,razmilla87
43993,breadpitt
41237,StoriesFromTheAir
42528,shawnmchl
31045,puppy.tbh
19566,donkuok
42670,fredia123
21296,I&#9829;Myself
8387,MyComments
42617,drkmatter
21463,speakspoft
42856,skyc1980
14260,White Knighter
42843,johnlim63
24206,Himiko
5556,sgtpepper
21517,longine_sg
42544,tantatjin
43248,bukitbatok
4845,elizabethtan
8165,lclkfllmf446294
6095,casperfong
43001,anglefSet-cookie: gx_ed=1
40650,stillhoping
12716,IAN9
10010,tuantuan
43668,hamster2002
33005,alantisalan
41300,730
15004,menon54
24404,IHPCnews
7590,eastman01
38561,janusfrk
6049,searth63
44308,singaporeinc
57589,UnhappyParent
44042,murphylaw
43754,iandmfforhim
44129,yclam
37889,desmond4450
44055,vearsh93
44168,Jimmy1978
44393,sayuri2323
124618,KBalakrishnan
114538,Bluesky123
28793,n0vice1234
5392,pessimizt
10341,chrisnel
45074,FullBloodedSingaporean
44741,hongxxxx
44842,danny83838383
44898,tankl321
15568,TianXiaWeiGong
44831,newsasia
45746,lilylovemarshall
12530,killemall
10878,galstonite
44586,hummytan
11016,angryone
29574,reichsprotektor
24760,junrenandwendy
11242,kick1stepmove1step
8268,gardenteas
23663,nhgsti9
45380,john_kong
28084,ColorWolf
45088,kiohteoh
42744,Panopticon2012
45281,mikeinsingapore
4165,NeonBulb
9795,elvinthinker
41744,meridianjc6
24178,alvin2791
44192,LoveRain
45434,Aigburth2
45435,josephchew2
31507,williamk
31185,SalesExec
45660,jackson88
45500,ablemarker
29031,Mayura_Daidouji
19728,yewenguo
31231,john_ric
45880,alleworst
19816,makan247
30158,ahhong22
31895,ubssales1
11148,FingerPointing
45776,realised
19368,bigbigreturn
45980,liveinarizona
37943,mittymitty
47154,HarryLeeKY
25669,hanhgoldman
46533,jSet-cookie: gx_ed=2
43813,Elements
46685,carly1101
12750,leonidos
46873,happysporean
14352,theIVORY
46779,handidarmoko
47051,foreigntalent
47169,brookebrown180
50200,mrcoconut
32250,wong5505
47027,mytoocents
14705,Lim Teck Tiong
45654,wei_soldier
47123,Expiringsoon
21031,koh228
42971,Mary_poppins
21786,luke8989
36475,hotroddie
34925,skysuccess
46230,monchacha
45388,aceventura
7049,DrivingRange
47587,talkcocksingsong82
47626,jennlse5
48552,lampartualiap
50150,horseking
45650,juliannatan
48598,greenhat9
48599,aigburth3
49397,silenttears
59558,minoritymajor
40877,haohao888
35698,spinningwheel
60130,docminority
47913,c2kterry
22701,sbd
48133,penalty1973
20124,PatrickDenmark
27542,grgr2000
48247,158X128kg
48676,mohammadcary905
56587,Sangkrontang
49066,queykj50
14011,midnightangel
49923,CKH.CHR2012
48884,nipahhantu
48170,uncleontheroad
21941,test
48764,jchiam12
48897,hammerjack
10206,Fredquek
49001,ncejoyce
10224,acidbyte
43612,queeniesasha
11591,terryhulk
49091,kento2012
49092,hdber888
44130,speakyourmind
49097,nelsonngyw
49124,singaporeans
48891,exportset24
15537,Unemployed
5225,Systemdown
49137,Sensitif
49168,AcesAhKor
21131,skyyun38
49233,jackjhng
15730,bigjones123
21986,GunnerSG
31395,Hungouttodry
775,mconnect
49310,singaporeanss
49315,denniskee
8621,Carefree88
49359,angmohandloveit
49368,brolexxx
48732,sungod666
8079,anne_seow
39703,crumplerman99
12243,jogoh007
9227,saggicool
49190,tpoliceee
23072,Silverelf
49531,sgprc888
48000,bonsoir1_99
48879,david110
8444,firstcapital
48905,FatherSonNation
49162,Alexander29
49175,abelwong
48888,macan1ng
10527,mentalshock
49245,merismus
6369,deganduss
49247,noisyone
4679,macy54321
31501,MyThoughts
43548,harshadsph
49639,meepoktah
38438,cynthiama
48030,whatuthinking
50161,T1213121
50238,janegrrr
26607,allysa08
50943,takecharge
48362,hamburger
138429,happyday
147343,LoveGururu
50390,antoniolepa
50789,trademaster2012
49059,moderateliberal
41676,actionpls
50714,davidmessi13
46573,zulutango
63051,Monster1
50945,spencer12
12864,CharlesD
50728,iloveasiaone001
37104,8dennis8
51464,hwangrong
51503,doodahdee
23123,Greyhood
51645,Alan1964
50998,Twitters
43914,vincent1601
59574,tetkianlee
157411,Ppinetree
49372,usky2012
14416,ilovetheworld
51839,sinkukree
109297,czachtheone
82960,simaqian
91749,tuitionczar
126533,Wednesday
33854,060993ss
35291,coolspidey
51904,allyyip90
51916,asdfzxcv
51910,Maximium
52021,please_lah
14623,Baikinman
51721,slumpdog
41889,blackberrt
46423,pacman007
51926,kennethlimms
6725,souldude
9312,straightword
52148,allanpek
52719,SpaceGod
52887,Donut News
52980,Tauhinhin
53005,Hulk8888
53392,privatesinbad
53208,NatalieG
46597,Shananarocks
19524,kooman01
53140,HahaHoHoHeHe
15497,AapacheMosscode
9382,edwardkylee
19996,redartic
11310,openmindsg
52055,simplymortgage
54020,Monkeyking1
21087,jasonbourne
55046,petrusyin
53063,billychen
55052,stancham
55059,temeraire
54350,intenxive
53858,shamrock
56058,woeiluen88
55628,asujuftw
56480,ernesttan723
55180,NeoHAHAJack
26372,rangers88
51355,babebaer
56556,leonispura
56559,jiawueng
56923,NoNoNoYesYesYes
56200,Qwerty1234
20402,otaktakcenter
54520,asiaoneptone
57452,closeoneeye
7135,daveychua
4384,Dato Jude
54239,davidtham2000
54129,EonStrife
39860,tangwk88
34830,funfly96
56826,takamaiashi
53494,Sep-53
54487,dickkeegan
54289,2013_2014
33617,evilmadussa
54821,AirHorse
54788,ademhawwa
54829,10.cents
29687,winsor78
54970,barry1986
54924,CHCWatcher
55104,Think_Ask
54954,pellymelly
55202,BinChowChow
54357,whitegoose
22553,slickrick
55205,PervertThoughts
55489,simplelife88
9330,waz_unik
56052,Forummer
4504,knim108
55580,simpmort12
41852,SaintPatrick
30028,therealdeal
55629,jinnan11
55635,felarri22
31369,bart1212
55671,Techno283
55684,newsreadandfeed
7487,gixerjoe
46556,rsparkles
8574,habibi
55825,nonameno
55956,JumpingSpider
45478,clarababy
55822,noneedtoaskahguai
55962,darklord22
10941,ahnyaahnya
56049,Liangawyo
63213,Genesisz
56106,lawson_jeremy
56095,bigtree286
56155,zuurkool
56211,xumingle
56180,martin12
46443,FrankHSL
60106,ahgalgal
55844,thinkingaloud
56426,alluringalice
14095,Singasoft
53740,drummeister
31358,kc0073
56951,Fisherman
57072,merlin12
57784,happygal
56966,MASHPOTATOES
57106,UZIEL089
8138,huei67
55615,clumsydotcom
57669,Charleschong
46865,sunstoned85
57801,SGPoorMan
47155,Black_Horse
33720,factaky
60649,Clemencetani
57800,JustTalking
57933,ricardosan
57544,Shameful
57985,ifindoubt
51808,fluffythings
31498,straitstimes230
21691,lettherebepeace
20874,minimilk
58004,coolcobra
58124,HawkeyeP
58116,neehajtan1
58103,anyhowsay
58109,minminsg
58114,realeetee
58137,sgborn66
51072,klstreamll
115780,Ryanairline
97508,x10serpent
48022,jalanjalan
5296,sg.zeark
58608,Zenornot
58611,angtingbehtau
58617,keeluantew
58764,Crescent01
53086,zzenobia
71854,OrBeeKueh
106432,konttiki
58540,minquant
58595,Boredness
56694,justicewisdom
58781,Victor108hai
10616,tattsi
56414,SimpleOne
58701,maniac777
29516,phuakh
25474,peteratlim
58202,kimmyown
60316,Raknison
48755,teolc4018
50052,Avengers
58908,BlackCaviar
58868,DebateIsFun
58873,Stefan.Steinfeld
58934,BlueCat7
58942,CowsCanFly
29308,goldenflyingdragons
12110,rapsberry17
58534,dragonf2y
58866,anni9985
59501,FireEngine
57786,Interested
46340,wordsmonger
59995,SingaporeCowboy
9073,Monkey_Face
13277,MoNa_Meee
58892,USdollars
7803,yuyeshuya
58946,chiambk1951
71546,countonmesingapore
85181,cashflow
33827,aspiebaby
59712,Takalahtkl
65278,arlandria
59441,Mummygoh
59917,victorsee61
59850,moon_1549raker
64087,Mr.Logic
64352,cutepuppy
60253,wongcilik
60272,odakyulin
60113,samsunglaptop
59812,JK_UNDERDOG
60339,boomkueh
46432,Jellybeans
55622,samsungtay
69773,apacbullion
70469,CempakaDruid
69830,YourNonoc
95953,HeavenOrHell
59358,RogerKuan
21851,huamulan39
51829,terminator37
61228,dolqiuindonesia
61154,blur1963
58690,wyeming52
48687,master7m
11476,samtkt2000
56394,limhk1960
61715,fellowhuman
1735,rlhk
61651,leonardchoy
5050,shineshine
61987,cannottoleratebad
74322,HOPEFULnHOPELESS
62402,ningjiang
62487,kepochee
26683,leon24
63778,SunYoBear
62354,kslow1971
56456,laozhibushuang
62480,usman4444
29290,xiao.lee
62664,williamtan74
62999,Forumner
63111,JBCheung
61639,abcde123
62830,KFC_Lover
58437,phloi
23610,whywhywhy2011
63583,kuunneey
54895,jochan007
63602,blacktone
63603,chunkylover84
50486,moonlighttempt
7073,jamstart
22409,My1cent
62054,everythingbut
64005,sdycho1950
9469,haya3188
9845,Covertdescent
65365,dickkeegan69
67951,wishingwell
63868,gasprice
22758,shreklight
59435,whattheF
50406,homelyman
64123,Gladiator2002
1009,Missan
64098,leslie_88
64129,Justmyview
13729,citizenxyz
10048,cyberpinion
6150,rathasie
63994,what2uthink
40018,blackcat
64250,jandoe1011
9958,Mahbok
64299,yyppyypp
64086,Laksamana
64565,tianyia1
71705,WaterDragon29
8603,nemo6089
8275,SKhoong
43033,mrxiaoboy
15478,handymandy
64934,sngkokleong
64933,Myfairlady
65187,rosemarry
31464,DocNo
64651,angw0014
64549,Magtan66
62800,diver7up
68388,Greekolive
23374,steelmaker3
33113,ajdynamite
64744,MyTake31
61621,mummy012
64781,edwinyh.tan
14358,AbsolutelyNobody
12793,Doncafoo
53909,GohYinLong
61799,rickyelectric
65034,ybbhfdf1
62079,ahgogogo
65952,Aphelaura
65050,SIMCARNIVAL
57773,observer03
5943,lymeow
65119,Fortune500Frank
21923,maxwangwang
65238,IPAdministrator
65412,Dan_1970
65349,brandonnat
65698,SoEmbarrassing
65697,yysiong84
65701,Gryphon88
47734,MichaelHoco
65743,tawkc21
65742,kkpc0001
14331,SingaTalent
63181,yayaking
60428,Avenger2012
66142,angrybeard
66640,IAMYOURMUMMY
66207,serangoonlup
66373,iqhighup
9043,juliengau
67266,Chairman_mao
67109,coachy888
67216,lucasbiker
71712,graham2006
67992,Fattypapa888
68738,johnsontan25
67768,sesamemuachi
53119,broberry
25119,winsonkang
67949,Eugenides
64872,KlaraTan
56136,marann9985
69247,fiscalcliff
67164,auntieleow
68112,flashmob
68301,leslieyee
68905,marlin88
69410,whatyousay
46840,exsporean
54861,chilipepper69
69086,kiwifrost.louis
36688,starlight1388
58820,jamie_bob
66135,OnTheEdge
69292,javikmct
5185,montpaneis
20728,limwenchyi
69785,Gatekeeper
69700,goireland
66250,AngTaoShiok
66248,21-Dec-12
64650,Cityliving
70187,cksin1965
70194,perksmini
70240,newsdwarfer
70137,Chaypapa
70397,inmyview
19888,brom69
66251,BallsItchy
70039,johnbeaszley
70691,oldanduglyterz
70582,Samcheekin
59260,jefzone78
33863,udun12no
70829,TT_Penholder
71098,Excercal
11524,johnjohn5025
7089,jeebeesus
71180,divaQueen
56506,ItsNotRight
71559,notsodorky
71986,PP08122012
71969,desperatedan
70924,tswrites
72025,Santaclaws
72109,informhiv
63309,busybody33
72222,cptucker
72313,watheheck
71401,ahgogogo2
35307,Airplane08
62379,silathill
72927,A380dreamer
73635,ommanipadmehum
65194,Davionkgt
72979,barracuda
72801,regulation
132610,jamespiak
57667,OceanBlue
13720,Zeke_Adams
74304,Thefallguy
82421,jiujiang
94083,haronlee
73543,12369874
24269,pykk535735
73882,andycassidy
74114,romance74
51689,nothingbettatodo
83288,User_cykk
74346,TaurusDragon
74408,monsterminister
74452,khamsulv
74361,bigbossman
74628,UOKorNot
35059,accumulator
75340,MrTowJiak
75381,Migrated
7115,superman100
75338,pigcanfly0007
75647,civicmindness
78665,csanson2004
77303,pal221178
10052,TheDecemberOne
75571,miketyson
72386,yolo_olo
74609,MargieDreamer
77263,peterloo
77291,powellcomd
47607,Libra797
77623,southwest
74091,Laurapalmer
76585,Singapore_man
78717,arsenal_18
137355,thecommentsxx
40275,VICTORLEE29AU
77957,iamlearning
78036,redpecker
80177,otheropinion
74357,loardhuang
27595,hubcutter1
78526,Sibeihappy
19617,uglymonkey
79316,kuantanmoh
83290,XinKaPoLan
81469,versions
80946,xxxsoulxxx
80792,meilan80
81032,Jsnow1990
79824,kooldog59i
82042,hkgsyyh999
83187,User_yourcb
83911,hellonotkitty
83896,neenlaopeh
83897,minibunny
23908,nycheong
12795,watchman
84040,jonathan920
11327,chinauncle
83782,rhinocerus
32214,icemint01
83736,innformnea
56366,SporeanPride
84239,onehawker
84285,elizaong
83665,PreciousMovement
84539,kelong_king
84531,lblim1234
82297,lamchowming
85211,admiral_john
52831,honghong
78410,Tsunamiw4ce
87081,GlobalCitizenSG
87093,xiao.lees
87097,fei.longs
31281,mediamonk
85159,kmkystar
79270,mystrawbery
84852,SlaySlavery
86347,michelleclark
77113,AberdynMz
85905,EveryoneButMe
85608,Yasha_Lim
85873,CuriousMinded
86392,luckyone
87172,hycheng709
87709,Divaforever
87941,nobodylikesme
89569,joinsingapore.com
89030,guoxiang
89383,bzdean09
6249,maviton
58008,jason1980
41694,commonsense888
90430,scarcrow
90447,havefate
91063,blacksofa
4587,roblim
91402,changeagent
91498,kestrel17
90940,LittleRoadRunner
51058,kwongyuechoy
74256,JustThots
35699,SHERMAN75
72069,zealot99
91062,parentseminar
91225,almaclang
73246,6FIGUREETAL
91230,fcfc1234
91436,happycny
15319,Lionsfan
91486,reportergal
54404,monsheep
102817,janistan
92719,joahaihin
92901,thinkerone
13752,minimalist
21027,tayaero
93034,Rockysia
93053,GinkoNutMan
93021,NEVERMIND
29095,Tiger2329
13184,JustOne
93196,Huongchan
90606,trento156
65598,sgpbubba
93315,babywaffle
20379,IamSporean
94177,butterfingers
61787,gunsmoke
94132,limsg1964
95415,MaleAlpha
9352,clim1688
65611,Marlin11
94278,Appleorangegrape
94369,Mozelleamy
94062,ppcboyboy
92534,Sing_citizen
94937,shellback
94573,josepheldridge
94697,Oldbengme
117690,Rollingstock
95253,Sandman888
60431,jackhcho
95540,Seibeshiok
58859,angelatlc
95003,6000secs
95389,alwaysSG
95515,bumblebee2
14075,Rkuchiki
95521,strikefirstprice
95718,sgdisillusioned
109749,PraiseMyLee
100484,cksinspore
82693,accessdenied6665
97825,LoyalNSmen
94451,countingzero
73632,edwardchan71
97799,UrbanFocus
5925,paufurhs
98273,SingKaPO
21689,robinlim57
98329,James123
98562,SingaporeanFirst
96294,OrdinaryGuy
98790,DontBeNaughty
83852,alwh1978
97302,suvattavus
99915,davidchai2628
9189,otherview
11772,theLITTLEone
101194,GranaryRat
101396,blue_ahseng
101380,jellybean122
102079,juzfedup
102420,belindaz
102269,tiffseah
48029,Taurus1972
103676,Bloodphoenix
10880,HumblePoet
7997,dragonics
81575,chewzaobao
104473,patricklee_122
108102,papoppies
104179,john5711
104262,watchnut
30930,coolwatchnut
104254,michaelcollins
67737,supersuper
105039,paparazzi69
106462,ktktkt980
14475,boonkiat
105862,daddydinosaur
107088,TodaysNews
107400,TheLittleRedDot
110292,MakePeace
25282,unpleasant
109246,PowerPeople
109238,Test2013
40675,daniel5chew
28348,stprints
109552,mint_oreo
110268,uNdErTaKeR8
94531,TeyTsaiKang
32885,linlaopay
21225,vernalick
111766,BlueCat99
109996,susilong
111015,purplehelmet
99467,andrewccm
71344,liberalist
113497,Mmichael
112640,sinchabor
15440,RelaxTeam
5249,Disappointed
113870,pensioner
114220,WTFWTFWTF
114316,stephenloo
98300,monkeylovepeanut
113898,ezkrehchao
114010,ramsay123
114586,perplexed
115666,SuperJuniorStar
115698,AreUAfraid
111898,Ryokkaan
33620,77highland
111395,TimeMachine
114454,RedHotChilliPeppers
115131,MalaysianUNO
118468,yhohaan12
124743,MFgentleman
116480,brotherjems
54483,TrueLight
119898,ObamaoZD
135405,komttiki
136592,crowilla
142710,melts_singapore
149224,TangBoHu
81562,Santeh63
149830,BoHuTang
152427,siew
153891,RoTan
158250,perignonic
118664,CoolieBuster
171140,ysy48
118619,Michael_Late
111148,MygrandfatherRod
8964,jamesca91
119638,PeepingConscience
119824,BeenHappy
15039,LionHearted
134381,lightunup
113416,glassflaw
21172,love s'pore
117820,ilaughipostishare
111490,memoryresident
30811,bloombird
12787,phantomchicken
116912,Bugactix7
122695,Sibeishiok
40462,maleman67
122791,NobodyIsCommenting
122855,cksk3333
122865,yamakuza
123895,MorningWoodie
123953,SuperKapo
124425,punchdrunk
124549,BannedInSingapore
124597,MayDayMayDay
124796,chanwk38
10173,sane_saint
48772,WhatThe8
125808,kokabaru
104016,Speechless
135794,Sunday88
4691,Cheewong1
132339,coolzone
51397,backgates
132434,Constructive
131488,BahalaNa
60240,laobeng22573
132943,reformasi
132974,Harvers1
127014,Airplane88
5365,yang_man
136795,relifestyle
138991,BlueBreeze
139039,dl5asia1
139600,CivilSerpert
132503,danieltheone
12419,pencilneck
47210,purplecat1006
37880,Hulkhogan
139874,JillJill
137458,vincechua
145787,mooz
9931,Refugees
136049,incinerate
146610,RockyChong
105631,bystander64
145564,uwcsea123
145677,FREEDOM_FIGHTER
5861,sentulian
23097,quintessential
147527,xiaoqiu
14410,kwikemart
147947,Steinfield
143668,Sspeed.UnlimitedD
148630,Megamind
162659,Tellmemore
40627,Dankoh148
149570,Diam2
152422,monsterstime
123557,singlishspeakers
22356,emosilver
7612,linyao
151235,Hungergames22
25179,smiggy
164813,hansgruber
163082,mel_sg
27282,raymonya
153100,Ashrael
153162,Pinkpinkone
23209,rayboyee
157674,sevenup
167254,onelord
58506,teamspore
102032,Parkar00
34604,AuntyNice
163061,leongsam
152451,Not_FT_But_LT
155886,Mollbutt
22276,nataliemun
24147,hkartadi
140058,rustgal17
51715,mofst001
122889,nomoremoney
161730,PTZ
71544,LIBRAN.JAG
161907,RAK97
162175,vic
96265,dc22422009k
